degree,alpha,cv_mse
1,1e-06,33.96268449870627
1,0.0001,33.9626844538031
1,0.01,33.96267997370048
1,0.1,33.96264017271171
1,1.0,33.962333541798436
1,3.1623,33.96226420987106
1,10.0,33.96791867274188
1,100.0,34.55056310769171
2,1e-06,21.241973337590103
2,0.0001,21.24197279383329
2,0.01,21.241918494813063
2,0.1,21.24143182129415
2,1.0,21.237245501741057
2,3.1623,21.23204668489315
2,10.0,21.255550621229364
2,100.0,23.729461778315162
3,1e-06,10.046758119877433
3,0.0001,10.046756299195575
3,0.01,10.04657563055037
3,0.1,10.045058986240448
3,1.0,10.041161514118636
3,3.1623,10.093855451531457
3,10.0,10.517150721019185
3,100.0,16.501648332008358
4,1e-06,3.297587447413188
4,0.0001,3.2975861946881424
4,0.01,3.2974718742142577
4,0.1,3.297374430618788
4,1.0,3.3556732047150453
4,3.1623,3.649504168061056
4,10.0,4.765271763967545
4,100.0,12.278026423945287
5,1e-06,1.2304408552464368
5,0.0001,1.230436999094184
5,0.01,1.2301318061555504
5,0.1,1.2331410804120604
5,1.0,1.4177576072156757
5,3.1623,1.9314575824498217
5,10.0,3.1568644794359613
5,100.0,8.868130480681922
6,1e-06,0.5515929911622127
6,0.0001,0.5515788725779525
6,0.01,0.5510514995308284
6,0.1,0.5754061921841501
6,1.0,0.8413888011231329
6,3.1623,1.2259975834745442
6,10.0,1.9712769317566543
6,100.0,6.454060851221949
7,1e-06,0.3594106436085093
7,0.0001,0.35933470893987435
7,0.01,0.3569104119850578
7,0.1,0.39545214046320265
7,1.0,0.616834274607369
7,3.1623,0.828111741042503
7,10.0,1.3288877186841384
7,100.0,5.072256938416272
8,1e-06,0.2575223150040237
8,0.0001,0.25734854984345945
8,0.01,0.2658890970437725
8,0.1,0.30637321062784506
8,1.0,0.43934042513052535
8,3.1623,0.5987805506968056
8,10.0,0.9739948459117713
8,100.0,3.8043795898549404
9,1e-06,0.2710365694004511
9,0.0001,0.2673594027102572
9,0.01,0.25954496949045824
9,0.1,0.27951999056785576
9,1.0,0.3696538431883794
9,3.1623,0.48656007063950957
9,10.0,0.7455361453976446
9,100.0,3.1818060946432927
10,1e-06,0.3367488544029209
10,0.0001,0.3011537005071786
10,0.01,0.2437194577463976
10,0.1,0.2473912372970358
10,1.0,0.31186057994906363
10,3.1623,0.4060451800129785
10,10.0,0.6236684819386261
10,100.0,2.554321113088266
11,1e-06,0.9097808682565128
11,0.0001,0.34762456460026236
11,0.01,0.24643256371762967
11,0.1,0.244812625443564
11,1.0,0.28830659600768127
11,3.1623,0.3642385291503202
11,10.0,0.5361463370040627
11,100.0,2.226664061623694
12,1e-06,2.13384700811678
12,0.0001,0.4342741610086021
12,0.01,0.25004543027784554
12,0.1,0.2351238531727101
12,1.0,0.2658046754416963
12,3.1623,0.3339584332211137
12,10.0,0.4948574530765438
12,100.0,1.9244041217307053
13,1e-06,3.1827083282038764
13,0.0001,0.5585167721765852
13,0.01,0.25597262397888304
13,0.1,0.23859105336032935
13,1.0,0.2595106164008888
13,3.1623,0.3164548524254637
13,10.0,0.4564127959792753
13,100.0,1.7315317679655162
14,1e-06,4.410157984464188
14,0.0001,0.7030952735162993
14,0.01,0.26737328711676345
14,0.1,0.23849880515228508
14,1.0,0.25116159452505615
14,3.1623,0.3043423918611857
14,10.0,0.4436212442580299
14,100.0,1.5935152431997688
15,1e-06,6.312453673443191
15,0.0001,0.9229669462887197
15,0.01,0.2777601943259924
15,0.1,0.24344118409802898
15,1.0,0.25313130271302475
15,3.1623,0.29809169382572287
15,10.0,0.4247731911466655
15,100.0,1.4728920994573294
16,1e-06,11.763544506955407
16,0.0001,1.0806571413350636
16,0.01,0.29704450311728564
16,0.1,0.2480900002526763
16,1.0,0.2514614327100936
16,3.1623,0.29384536635802244
16,10.0,0.4214950974873567
16,100.0,1.4181502114515903
17,1e-06,17.88321334619999
17,0.0001,1.4585853832082905
17,0.01,0.3117216599405381
17,0.1,0.2539670084017093
17,1.0,0.25738132702304783
17,3.1623,0.294455107275013
17,10.0,0.4125359124080764
17,100.0,1.339880746438909
18,1e-06,35.19344515766055
18,0.0001,1.7243500682819544
18,0.01,0.3426262274638778
18,0.1,0.2616437574414122
18,1.0,0.25928288213051714
18,3.1623,0.2943030933951934
18,10.0,0.4122299669770763
18,100.0,1.3264715823243618
19,1e-06,49.82496981849485
19,0.0001,2.335788968248697
19,0.01,0.362046260651529
19,0.1,0.2687835736771743
19,1.0,0.2665759263517242
19,3.1623,0.29937091824614787
19,10.0,0.4098091827693782
19,100.0,1.2743112372578096
20,1e-06,82.25211179231931
20,0.0001,3.0426525897290095
20,0.01,0.40905746067318016
20,0.1,0.27934247720587607
20,1.0,0.2707024817585765
20,3.1623,0.30178279260180996
20,10.0,0.4105808554189159
20,100.0,1.2799542757251738
