x1,x2,x3,y
-0.6447842771853771,-0.03494535753607608,-0.1557609681978882,-0.6869379743910096
-0.3794835011030204,0.04696357041581578,-0.5656853837046527,0.6927039232986874
0.9422289079596933,-0.8027561940018786,-0.14022090509967455,0.03267282645057015
-0.32838545846176626,0.5210040698600584,0.49776338834316736,-0.36289566421239366
1.0,1.0,-0.21857392602087033,16.130745820892184
1.0,0.7681263658669335,0.20298826485389432,8.742813534674644
-0.5474883631211724,0.9071469424016978,0.402973643952794,1.417458276295323
-1.0,0.6345484112322097,0.9068090350774602,1.8903812224444183
-0.7076726770326642,-0.34015822005571295,-0.19371042005319516,0.4331641714050591
-0.007848437426738464,-1.0,0.47360375088046647,0.4693100304691684
-0.4170350718374458,-0.913972957612583,-0.28223156615503897,2.2890376222948854
-1.0,1.0,0.4965175479470345,2.4382470980611597
0.12029448638087814,-0.9504875828637469,-1.0,-15.479468806059485
-1.0,0.6418877201940887,-1.0,18.796645328147488
-0.43245088202245374,0.16350643529235276,-0.335964651809576,-0.277506469648711
-0.8075388456718706,0.21852507452598124,-0.98054032435164,4.664498575559065
1.0,0.035580506288146685,0.5734908092732511,7.308415903521911
0.2439671814617097,0.3758207028532079,-0.501765505394103,0.9413850425373222
-0.7206371309760298,1.0,1.0,16.550000149140615
0.027626644673436562,0.06273625069375144,1.0,0.534332276412256
0.05790613107430498,0.9181792505298261,1.0,9.797845742263885
0.5228746179307049,0.20591855721473662,1.0,1.9188602533656718
0.1943718904529883,-0.3636859819086806,0.938235953060792,-1.5700245680391804
0.338701111277973,-0.33195648524623445,-0.6348108273459094,0.02850514569807805
-1.0,0.5601991559871142,1.0,5.6601362660674885
-0.9319417877119078,-0.9072451769805572,0.9331511342587502,13.621837572817517
0.405142753541047,-0.5121676588200172,-1.0,-5.199371533236472
0.5257101503418209,0.22351515255649668,0.0029946605650383873,1.6232455231796479
0.039560698441704734,-0.3540681794594027,-0.36475706986145795,0.8604009701142079
1.0,-0.5801490717693629,0.5852561757906682,3.8077072884922836
-0.6364308883451049,0.6135341775482512,-1.0,-1.1455615984389054
1.0,-0.7141733348947563,-0.8970257672993287,0.7620663933590627
-1.0,0.22889115188613718,-0.5979499546251315,0.11134383472180175
0.8232977469433906,-0.2144661978662541,-0.8860056293172089,2.2438779672566618
1.0,-0.2138466013220941,1.0,8.706983116789262
0.6144738568048635,0.6673006048473105,-0.9158245649684731,0.6613977533332078
0.40511098310787497,-0.20907824056371016,-0.2181860050512896,1.834414734261087
-0.7123595400724885,-0.6681206587942734,-0.28742089783427427,1.991353450664514
1.0,0.2848201464839013,-0.13596691299246344,5.359338011003617
0.474469391452208,0.17754156059573556,-0.1375950243857229,1.661617988245538
-0.9679077170027501,-1.0,0.20462186307899066,7.860747014445665
-0.24983605969803158,-0.34643723996892506,-0.9419163821761634,-2.180510945452781
0.4708968690323998,0.37485423734018686,-0.29931420099174755,0.6647456684197767
-0.4547516674016501,1.0,0.1720672767240563,5.240099521988785
-1.0,-0.612496403973209,1.0,11.34050561618158
-0.8561940515569992,-0.8267211831531189,0.5700336862243529,5.536189109788799
-0.5202866751131034,1.0,1.0,17.44179974105861
-1.0,0.9699772123645316,0.44958884926977727,0.9411035454101296
-0.47949793980392985,0.29223636785933027,0.2970139804771652,-1.068631522783675
-0.4763966332736076,0.3018328691508523,0.021992243974002568,-0.8462156160048371
-0.861574925043517,0.6282211009487513,-0.0059990738169548585,-2.980190519078427
1.0,0.8062565987022512,-0.04363376592229429,8.486320093030356
0.01341164076430057,0.41809661496393646,-0.778280533795449,-0.5851550623367372
0.7763607771164034,-1.0,0.04974088078160088,-3.2604546134440757
-0.8322906721123333,0.1407024262075287,-0.8869979847803966,3.291272155987019
0.04631072671590997,0.4074339890075658,-1.0,-3.145057337243929
-1.0,1.0,1.0,17.980750925014515
-1.0,-0.16158295319674254,-0.499001819650676,-1.4741898847070107
1.0,-0.8759205997348216,-1.0,-13.54012459526278
0.27184220892691235,0.6955238834328732,-0.06611790413574758,0.7287266935706274
-1.0,-0.36761153364178933,1.0,6.548825948348916
1.0,-0.1461905344079355,0.3620125050125027,4.801072917860792
-0.03891444377465647,-1.0,-1.0,-16.139034950107046
0.8811272352935458,1.0,-0.2604109093752631,12.400431654562617
-0.5970386243070887,-0.9043912270724503,-0.39685922223026937,3.2569916955641833
-0.4686664043749311,0.7315369740256172,0.8254699935284155,3.290579587487382
-0.24469899139224127,0.5706506249640464,-1.0,-3.9204830167393254
-0.6250056327740487,0.29367586320146355,-1.0,1.0586678508895995
0.3686565010854028,0.21692097951791056,-0.22625378869350654,0.46146237644022503
0.19379235693237895,-0.022558854859395572,-0.8177430005053221,0.7938202976263259
0.9860705016485061,-1.0,0.6874156438733596,-5.330748146876481
-0.4794028877043104,-0.1994501034246079,-0.6891170883565905,0.29080462113115224
0.34068263246622266,1.0,-0.1932685869906421,9.657707670561763
-1.0,0.520399299993636,0.22306931338461533,-4.75045681101811
0.4390449619714756,-0.11363815490189566,0.8526136240181095,-0.03688523684062356
-1.0,0.43533595119057344,-0.5187564257315738,0.32380215558908476
-0.7042988002049912,1.0,0.879003264462759,9.733445440499876
1.0,0.2224329099336675,-0.4399992254471603,4.755291331509243
-1.0,0.9374301235861591,0.01914208337569967,5.269100441604949
0.9493500705193774,0.5142014715956538,-1.0,8.825714313826705
-0.951873033189899,0.12141910780143683,-0.21143426961218692,-3.257308969638475
-1.0,0.06447101607801975,1.0,2.7344097852547202
1.0,1.0,1.0,25.692908447409483
-0.44934636390989424,-0.7940247939334362,-0.0834146588419884,2.7836567422013943
0.35558029891727183,0.36049702142533646,0.34323962355983006,0.6934467475356854
0.1924483426649295,-0.07533874617004055,-0.25974073511226137,1.5655983126564244
-0.4016375391413707,0.2430251125197953,0.6824677498266905,-0.4863317210389352
0.33673089691054914,-1.0,-0.36383287797848474,0.21517619883014105
0.58919320977378,-0.2488436754358514,-1.0,-3.4195140824116095
0.4056496329047332,-1.0,-0.778575869593523,-8.17356854661583
0.26355113989266044,-0.0852113088591182,-0.4846828922030604,1.949640307806328
0.9829224494905677,0.1173151448984413,0.5400938480748081,7.365491264244511
1.0,-0.19866611691236913,-0.6835301297173288,6.946809387182524
-0.7061735077120945,0.17117333400740886,0.267172746894921,-1.2382341615413845
0.7582561765710083,-0.5444793988338197,-0.7533790985873587,-0.051066659500440925
-0.9647260845539758,-1.0,0.7830695155613743,14.35194732970421
1.0,-0.41935377301601173,-1.0,2.9607649902180295
-0.2339329046764307,0.14493417692235422,-0.4649978973421063,0.18390269956310068
-0.21621805598963229,-0.027334689273623036,-1.0,-2.260665289641609
1.0,0.41715071554706196,0.5771232521751204,10.017220356132464
-1.0,-0.3745425812286105,-0.09506211868398728,-2.4224512795309985
0.031072195212468623,-1.0,-0.28602187032205406,2.1849696602845494
0.3987245812921516,0.428930099286579,0.7265165863340541,1.1026590541129289
1.0,-0.0195178806948213,0.48913810639893773,5.93638126442555
1.0,0.2151088198164961,1.0,16.885770910611132
-0.2486406863227255,0.8196799349632209,0.9016192259066003,6.385514502570921
1.0,-0.3644668543958285,0.443444926854653,5.517973215820182
0.06042609266396881,-1.0,0.5342174768521086,0.11329000621475149
-1.0,-1.0,-0.48291330843597713,4.547927354378781
-0.09250725179145025,0.28821683234104833,-0.11973147481452284,0.7623556993699507
-0.05262729138530098,0.9167261824615442,-0.46623670250549076,5.2414402735164085
0.42788744431534487,0.42395899695214245,0.22752120766620743,0.7088602966922152
0.08785854927223835,1.0,0.3988109176613317,7.361506428066528
1.0,0.4783514621859921,-0.019174121088538776,6.432694970511581
-0.9805187977322922,-0.39158638564353065,0.3733348564524377,-0.6706030559741065
-0.14856223537249602,-0.15442583721749248,0.17303760559576697,0.8387611039458842
-1.0,-0.5181471637054735,-0.6374207634131746,0.05254972133709793
-0.0998994379673781,-0.7767953192020602,-1.0,-8.347646713978174
-0.2323532034175666,0.4534904584228876,-1.0,-3.7169963145371177
-1.0,0.5807913628231536,-1.0,19.087776958000404
0.4641461535568059,-0.45089040081862786,0.31785188058695635,2.1622204230417874
0.2908191856621778,0.08171829833172772,0.0011316464477320043,1.193758974050381
-0.9531084661358871,-0.7413816397024986,0.8619623026873351,8.664064297659705
0.08966766729670161,-0.15137656283714973,-1.0,-3.2620994213781995
0.2742340197998241,-0.22289244828585764,0.18649887637669105,0.7161013037457841
-0.5079779726304432,-1.0,0.7503967153196123,1.2295951851676934
0.46914167273878493,0.4658635872599828,-0.18727507997138115,0.9770545667989751
-0.3214477137595435,1.0,0.6133740503064402,7.4734118601089845
-0.02972545810805305,0.5450438708421537,0.8459676655840436,1.3528781075288243
0.864750185887222,0.9424271846390604,0.939407200947153,15.936956661667864
1.0,-0.24983881761296334,-0.30400260613681973,4.100354665856365
1.0,1.0,0.5870124503684098,14.862413944443626
-0.15090269595329042,0.21359900917038366,1.0,1.7347855290713887
0.001881980394539573,0.8117963817684941,0.8445596232136479,5.162833212303201
-0.4222352740215869,0.41485807730592383,0.9676491891934542,2.286684060345775
0.5998567283546539,-1.0,0.7648008221797928,-1.913758019888848
-1.0,-1.0,0.5252823664396977,12.989421208781616
1.0,0.20930626073361247,0.18823035528974397,5.245413963469338
0.13793923365106986,1.0,-0.9383923478760601,6.878704419114332
0.7274438334513744,-0.013616877098853397,0.36253695143901,2.4480669946487015
0.6322164173146878,0.6028673538132086,0.5289780769661314,2.3215880985911066
1.0,0.2031707676909682,0.36399318663063984,6.141552591399372
-1.0,-0.1983814280886549,-0.48725223919014904,-2.4438876440002884
-1.0,-0.09670989964355092,1.0,4.588794997307644
-1.0,0.03737185918876951,1.0,2.9339352314417066
0.18542482937602456,1.0,0.5768750256038744,8.220365272695378
-0.05736366987404895,-0.3602070166430551,1.0,-0.9277809933900746
-1.0,-0.006631893046701531,-0.5406140805918342,-1.5049548115458746
0.8633061530976152,-0.7074804393875298,0.9760361845276166,-1.6541282723228656
-0.330944745284804,-0.21449701442888847,1.0,0.05686854621515497
0.11537795233023895,-0.726340240682761,0.8630438422314013,-1.8110429592778625
0.4165283172302525,0.5043295084559796,-1.0,-2.844196093994704
0.016797930736698996,1.0,0.705581534536293,9.33435394054759
0.7062525054291875,-1.0,-1.0,-25.405544318420098
0.7104288978083124,-0.16841522902380812,-0.9650195290840771,-1.3130604653026208
0.0897504935337512,-0.2448340229996533,0.6126811460145345,-0.08019266933042357
0.8384346962837983,-0.6360219497026676,0.30868195127558207,2.2328862239284315
0.1285482107348095,-0.11498013804883378,1.0,-0.17945471794865875
0.4627907390465289,-0.3976216746090626,0.8388946445223453,0.14761242106481298
0.6748474530584521,-0.09506584777810478,-0.4170717282522316,1.5522550036508171
0.009439242171735751,0.5060296628717105,-0.06684235484835122,0.34064198331074835
0.09351033565766143,-0.08418354611283285,-1.0,-3.5145312992852586
-1.0,1.0,-0.019944230189113288,7.1869523076872746
-0.3213299672630521,-1.0,-0.5716610350667934,0.2346600824201659
-0.3469524336518002,-0.2579204185835564,0.9680413552058034,0.6551592306700351
-0.343271240402788,-0.0668525761631309,-0.6923016099083017,0.44038256967362277
-1.0,-1.0,-1.0,2.711845152283555
0.2090522362877636,0.7147711129198451,-0.25310507169847085,1.5276375142044543
0.06766814413868971,-1.0,1.0,-7.416254338323502
-0.5496478190956533,0.6980380721880581,-1.0,-2.689461450654067
1.0,1.0,-0.801791695933848,29.636796545221326
-0.07699104691932956,-0.05684465819571094,-1.0,-2.804955627815334
0.17475244608981733,-0.6561825711120963,1.0,-3.149201163421069
0.5113882838695052,0.12490022704626069,0.43029104027951215,1.3285483862770953
-0.15930693096803328,-0.18430152377142783,1.0,-0.0009708418817211441
-0.24991968159943645,1.0,1.0,13.824255258775285
-1.0,0.798730821124839,0.5461619796152117,-3.1516640205042377
0.09662719631563643,-1.0,0.35131105662387374,1.5047861349268359
0.895675848695769,0.9695242270057913,0.1879607219332471,9.235758647844287
1.0,0.44376175501325865,-1.0,11.693000507162965
1.0,0.3735269598966007,-0.6033721785528088,5.264217571443343
0.9633052886471036,1.0,-0.8159860063502975,26.589029656191585
1.0,0.599512539120931,-0.29496447150697747,5.912117403127833
1.0,0.17958176764567524,-1.0,10.300830537129029
1.0,-0.13048889783726914,0.411552376646368,5.216270749246481
-1.0,-0.8234253434154908,-1.0,4.250401478431483
-0.08172624770094883,0.13271140424530858,-0.6380491156018862,1.0762751625075297
-0.11657689504878133,-1.0,0.5071310719935098,1.4226542105722824
-0.5701721452544903,-0.5649303365243319,-1.0,-1.5790444954731067
-0.8330392397338322,-0.8344675305183229,-0.12486751596131285,4.217754047767765
1.0,-0.13330413142020636,-0.16090618190572958,4.6627475289135845
0.2666099545772971,-0.9016442617464446,0.8218937178914691,-1.7560233774522622
0.4458395050551196,-1.0,1.0,-6.796290488942928
-0.44611707806524636,-0.8119732849918537,0.6120052792530049,1.827308739145148
-0.30195685542518036,1.0,1.0,14.764674476506206
0.08653477069595561,0.0879491846968341,-0.09585735623597014,0.36962605732572745
-0.26313929024586136,-0.13702738759618405,-1.0,-3.467783723221224
1.0,0.15695891307884802,-0.32840203388979017,4.691980614874046
1.0,0.8135246775528078,0.2846561536165457,10.054969761012597
-0.16306544634311848,-0.7665825052418749,-0.7997495307188882,-2.8151343297520643
0.325100570420362,-0.8320420221721196,1.0,-3.939006686780793
0.25914490151738123,-0.22043183836978297,1.0,-1.8078231808309302
0.25249232350596884,-0.08281360101954971,0.5102362378757734,0.9790400697060369
-0.3013053101457561,-0.05818759040849941,0.42911378351201224,0.45858059723054
0.356651959344938,-0.3383522041954543,0.43416440191975725,0.8212652511898205
0.04839140308967127,-0.800170455883886,0.7822793299509943,-0.704252132441077
-1.0,0.528922978173709,0.3897923478415706,-4.795186873968239
-0.39084260751887445,-0.398721984113231,-0.29833737205330046,0.5984010512210347
0.05560326707207208,-0.8365184250041411,-1.0,-10.725281120542627
-0.15272472710214302,-0.40241648334118296,0.31602474654611945,1.0161395578433057
1.0,-0.6210668057453879,-0.26792456667642073,3.113561551915914
-0.6869858458199756,0.610782692307914,-1.0,-0.5316202078507681
-0.01698854062953492,0.3197510125553824,0.15323736213637207,0.08258582268420642
-0.7574651229601881,-0.299043137796249,-0.6199999067682567,0.82280267172404
-0.047764993811699075,1.0,-0.926298563736218,5.880890904279731
-1.0,0.77272737814821,1.0,10.6092189797567
-0.005825258601295236,-0.44564197555199847,-0.6280963682878642,0.6058589175382783
-0.9382295760791945,-1.0,1.0,15.784623409935781
-0.13983278954319456,-0.19052133461397847,-0.42873518226137675,0.6470757018691807
-0.05977808374850291,0.8839382227536559,0.29620032232471116,3.45234639268715
1.0,0.2184174904900531,0.4733364592339322,7.827046043933096
0.24186120615513063,0.5867111129286913,1.0,3.953128782576352
0.018067194011564425,1.0,-0.575744605068059,10.125111605578438
0.46245950555396376,0.03320600580737554,0.5124496006663657,1.120623958677317
0.58260850457563,-1.0,1.0,-6.995217534485298
0.3668006721615622,0.1937068442114065,-0.9376175915042002,-1.226876704558176
-0.16137723875285825,-0.5642404632275524,-0.05493448087297659,0.7554347936055631
0.26409143007151226,0.86773717247288,0.2102871091514107,2.924515198161969
-1.0,1.0,-0.024943472435181135,8.335510774601667
1.0,0.22208787849949974,-0.0232917371725323,6.112570977946086
0.61605327905019,-0.3308543410062279,-0.06226344706548925,1.772935150274859
0.12641204235229075,-1.0,0.38115554917947625,1.4052739334597404
0.284095780442136,1.0,-0.3710711601399732,10.85423705681284
-0.2965213252747343,-0.9528391101960361,0.419941240562979,2.5329054067124566
0.06706502784370194,-0.07298456624352667,0.43659563523143463,0.6684260620411958
-0.26693365309445705,-0.34210175159410583,1.0,-0.7048136615424161
0.08243094000935236,-0.29707781460305305,0.43332072765737806,0.8843999320894131
-1.0,-0.7321155266188468,-1.0,5.630372318026496
1.0,-1.0,1.0,-9.584099476654
-1.0,-0.6717336665960945,0.5718263131287302,4.042197101241517
1.0,-1.0,-0.4121496212256619,-10.171728132040656
-0.8621881767446187,-0.9072775124631396,1.0,10.161758578404385
0.7273072528552325,-1.0,-0.6694968764410474,-8.811046560875793
0.07663716946277277,-0.8990578898562458,1.0,-4.4619620825189426
0.4600570996929554,0.5925646806144829,1.0,4.515041285117406
-0.1914237492996771,-1.0,-1.0,-15.475077068609902
0.8955366745659223,-0.4891099525471958,-0.5939074176599335,2.374070751390745
-0.037080013298118164,-0.21803068930810077,0.400771215610916,1.0064705835336663
0.23157873661768535,0.7405200298063697,0.43743966971439385,1.1797553066193964
-0.3941109572980799,0.8819380311425336,-0.755019853810664,0.44259633315848135
1.0,-0.5337177983733123,-1.0,1.5231104761742276
-0.705061633370917,-0.8104910676328563,0.1973271773111005,3.6089097155809347
-0.129821757260562,-0.02509732700767997,-0.237749524925285,0.6955042690664479
-0.10537413454906241,-0.9559730575677987,-0.06837764264638024,3.309464522238946
1.0,1.0,0.3747395952266688,12.970460948003476
0.1479945177838664,1.0,-0.0436947176211373,8.367802129244515
0.7894240436907163,-0.5256343465556388,0.08979186581049148,2.0509726230892076
-0.4236833011931951,0.3694195842816399,0.4281525353365061,-1.123206252868909
-0.159162112120103,0.805931736498436,0.10174192220936318,1.3964578007694346
-1.0,-0.10612004914176487,1.0,3.75364183507388
-0.13942556623571423,-0.5122910866377273,0.46571078316064174,0.48482733743552897
0.0015308864842056291,0.0054093527898768645,1.0,-0.07942669140318226
-1.0,-0.05699724491850122,0.253469116445165,-4.879165888032742
-1.0,0.4679320413210075,0.8450396474899473,-2.2979273278287278
-0.9696476817651682,-0.042545967145379615,0.15083157757966092,-4.063408396419105
-0.12747702226709712,-1.0,0.3756710495516995,1.8586059132863395
-0.04634610627510227,0.07036739121252356,0.4147705187313031,0.4757447345259492
-0.05903375426094826,0.38407037200349525,-0.2522501160884103,-0.8376250664619744
-0.9221377867510181,-0.3270563722483997,-0.2651724607203383,-1.05224610993305
0.7137087770966692,0.6053191302236585,-0.7298278170910042,1.1596535131659624
-0.018412942522244125,-0.14637738373541387,0.4740360883650132,0.7656591526188696
-1.0,1.0,-0.011480206167790108,8.183685632527103
-0.583781431971045,-0.6165573230362504,0.43964163405112866,1.14219812401161
0.29220874490230875,0.17704066450945977,-1.0,-2.9350606603966494
-0.6614852890702081,0.017473718951525052,0.7001050389486023,-0.03596442775556252
-0.9003908045495377,0.15969975232864297,0.11772003619358551,-3.597818852835411
-0.7285104887376215,0.7956994555186632,0.29344992624944854,-1.3892011627775578
0.25962274121325724,0.18714566998230642,0.17469582514329485,0.985970173695088
-0.16176021241904737,0.6422797458474614,0.1490350536184979,0.3007127528143132
-0.4554562262564157,0.27589346648137325,0.7954304978655411,-0.13772969281602376
0.06871596539441915,-0.8438742782035284,0.14640541538818264,0.9342763393434931
0.34415452625514575,-0.11898786697465646,-0.6102711928033497,0.9750914632217379
0.08287552409062049,0.17529322700891514,-1.0,-3.2830790461373636
1.0,-0.000713054463714391,0.7139123343690903,8.065840747079095
-1.0,0.4730569055905902,-0.30190439754327025,-1.4039973167827007
-0.617670795185846,0.32154176647357335,0.8569132488285911,1.1307976892513845
1.0,-0.10550691415378499,0.33895621395109243,5.21126596482827
0.5436731419880896,-0.6425846383562623,0.693430129195409,-0.09043759427813833
-0.9843173208812153,-1.0,0.5798689624316666,13.188522187105661
-0.5510404454865527,-0.15152629219153546,-0.10839079997024781,-0.22178015398612339
-0.13234125934578644,0.5200936898899573,-0.026557031369315087,-0.5628805194504922
-0.3877272277683623,-0.2288000342004084,0.45934170833248444,0.5321152080595049
-0.4715338425162039,-1.0,-1.0,-13.06354854187343
-0.46942416733948367,0.8301606682766662,0.25832059021474274,0.49811284490785074
-0.07662353732869986,-0.15780535401888973,0.636440290586767,-0.6677020586793656
-0.3547051190859325,-0.9818183429309619,-1.0,-13.366428849471614
1.0,-0.8258212090122621,-1.0,-8.943670248387363
0.5558306201500978,-0.4930741101893863,0.14751339082111903,1.2579734251881478
0.16545338047917046,-0.0820274828863985,0.9182497445556943,-0.4598292692691858
-0.4155200343834089,-0.3142988343705433,-0.7417115255915978,0.9315660378409909
0.5000846953087434,-1.0,-0.8428383947311107,-11.617567014776283
0.24939232134927614,-0.25835643276659037,-1.0,-3.600349091182119
-0.49352634793329164,-1.0,0.3098891170214628,3.896535596886232
1.0,-1.0,1.0,-9.518319932423704
0.26875844014335026,-1.0,0.7578969381875187,-2.669982098986579
-0.6164697050849903,0.5106151568401534,0.36322851219082497,-2.5787679734294104
1.0,0.2436612805886358,-0.01625008813932749,4.366817664020833
-1.0,0.21441475588378234,0.3166969543226119,-4.519096793805125
0.3517851223664128,0.8353213635269139,-0.24548369413864313,3.4296019471795645
0.6413555226471461,0.5997504412158412,-0.12299697172544466,0.8042957639495846
0.4228488384242164,-0.008672237913568193,0.01043506066092914,1.6663895796261405
-0.25828978660475466,-0.8327598598267234,-0.42764495952424086,1.973038067786149
-0.4809737129890739,-0.9383130841557212,-1.0,-9.338317239915556
-1.0,-0.03954576336660498,-0.3142995620470863,-2.8684505565258185
1.0,0.3773508456374832,0.971755417388692,18.806138353090287
0.011581634948717001,0.03545120601138918,1.0,0.24070978002913446
-0.031327465116826936,0.48342182131688927,0.5583998171041253,0.6403132954144195
0.9847234757365624,1.0,0.9637824376123332,22.488712980252483
-0.23287853299003136,-0.9039486250082249,-0.5279273330273526,1.0860327162527459
0.3443890751820322,-1.0,-0.8401121745065205,-10.484029457886665
-1.0,0.5954006330358326,-0.16481671855881963,-2.081977205183942
-0.4135802883026185,-1.0,-0.760019239493847,-4.26191117279653
-1.0,0.10512284758904622,0.16560436081759167,-4.2564893387684535
0.02169339192885622,1.0,0.26721607076715315,7.375907659998169
-0.8782346811723185,-0.4779152454804354,-0.14002370750714843,0.11388855720758262
-1.0,-0.2673117296011298,1.0,4.869872202088356
-1.0,0.7913968328283498,-0.9588586358798801,17.49215094790392
-1.0,-0.0786783836879914,-0.8607080199524422,3.4575048013077545
-0.04715881593146176,1.0,0.5606377266751015,7.937963122311637
-1.0,-1.0,0.4358651254289274,10.803806015907364
-0.6640502862458146,0.8133244034689193,1.0,10.089720301397515
-0.4909549839633136,-0.6217853836547402,-0.12518792075157092,1.5616249874959904
-0.6425346777916465,0.19686188010178207,0.34133746730242676,-1.7221570721481638
0.5012654656123607,0.5227172578104753,-0.3252156984863117,1.5244094325746524
-0.22870312648208202,-0.7561632592251137,-0.3851974378947429,1.6280376833050387
0.007617207848716223,0.2143853624975567,-0.07658961652445284,0.9271755218285804
0.17759227516526543,0.8950631632210506,0.946739639922249,7.417562172774285
-0.4387248243476314,1.0,0.9344367743390334,12.988284301703375
-0.07402547568227491,1.0,0.02719950041156527,8.001571546382552
1.0,1.0,-0.3357085525111343,17.495828122036944
0.07920103388664534,0.5389505081578025,0.6607057015237827,0.9683307473731229
-0.4971541735639202,0.09185973083893861,-0.45823679584863064,-0.0708377117818001
1.0,0.019484501008196764,1.0,12.303977170558888
-1.0,-1.0,-0.47988010673304227,4.962039151152779
-1.0,0.4634917040071975,1.0,4.2372836003423195
1.0,-0.4122850126516495,0.49427854217660694,5.026222854093731
-0.09353640216840109,-1.0,-0.62027985315308,-1.655691067082441
0.8239676729137859,1.0,0.8572518107991283,12.760654001069401
-0.23565046690492686,0.4897370238006473,-0.7304810500397045,-0.6053815874366397
0.01962951116203482,-0.7860384640658791,-1.0,-9.268192964191257
-0.17419731660243976,-1.0,0.44007892096973,1.8983154855534565
-0.17084383925311775,-1.0,0.40270522204813974,1.6893158200525193
0.7345600719451677,0.4143715683611111,-0.6503251594886599,1.139628646775344
0.46077547219215376,-0.657517710969022,0.4002158968624929,0.6916716723044718
-0.5285700993440743,0.6893261140892739,0.9667997473367804,5.641282584315117
-0.10115132448020225,-1.0,0.017450363966368787,2.507234343211434
1.0,-0.9529163426519773,0.8535474327627286,-3.533331897019733
-1.0,-0.6311729058247959,0.15533272510582763,0.7793714795084308
1.0,0.211189498193457,0.0007550957458797303,5.945649108702148
1.0,0.48403628913508245,0.4643707807058952,8.904751671703533
-1.0,0.3969247103589253,-0.7125641052359868,1.9872882990314862
-0.7575133744792022,0.6413626961381129,0.5406920782452758,-1.7402087241945
-0.39416322100608947,-0.06297662539673099,0.0049838767659486916,-0.11770133459952234
1.0,0.499045310150783,0.8662456402581249,16.066689786115536
-1.0,-0.4351105299640783,-0.45598061905583775,-0.9152396222372683
0.7463656768231846,0.5900496429567252,-0.4936148861492333,2.3409773646810916
0.003946025202140824,0.16476489673298444,1.0,1.4293662936650415
1.0,0.9136771763152596,0.517234156001352,12.568284514541057
-0.12446912768341356,-0.11290337693490393,-1.0,-4.254349745003291
0.7265808314717348,1.0,-0.8649859730694995,14.233220703747582
0.5647396652957835,0.7283945904492892,-0.7766849895333108,1.8039176244738468
-1.0,-0.3700049271810939,-0.19010984487099392,-2.9542048991769705
-0.7902944271923937,-0.052108489525459545,-0.4864774812335859,-0.38597025415647884
0.4000954184230303,-0.12811538838710246,-0.3258562033038115,0.6038391846417205
1.0,1.0,-0.7903789499090952,29.31693796028597
-0.44677858490247724,0.35070245302120195,-0.015698807259961756,-1.243281356076218
0.3949769354916093,-1.0,0.11647389805679564,1.4345995713958493
1.0,-0.42990750385956833,-0.588768329242839,5.41814052579431
1.0,-0.23101400300750785,-0.22932307334026536,4.64426533782918
0.43768450152901694,0.06816489008860804,0.4088067941531879,0.9395489771305681
-0.5342163547767733,-0.41655113806107913,-1.0,-1.344399774344152
-0.47695687897656924,-0.9398439409063171,-0.9742996939929713,-8.830676014659222
-0.9948546612216309,0.0062840326205713115,-0.7936977117811967,2.22493911397602
1.0,0.13098422088898487,0.9509634018406197,13.200420006439503
1.0,1.0,0.2579034506686526,13.261565369527897
0.06825738342818277,-0.374853436337679,0.44375648116068,0.7169044135191812
1.0,-1.0,1.0,-9.927138918426113
0.27186519377506957,1.0,1.0,10.694493142409485
-1.0,1.0,0.8370137180888222,5.211438692440261
1.0,1.0,1.0,26.221282858919313
0.44541659361125685,0.6758382914818089,0.6348679649877831,1.8508135842895552
-0.3075000909983461,-0.552841413733997,0.1790106167487362,0.719429855578791
0.7254409462726685,0.9529403336261797,0.005162488306178048,6.661211601954704
0.36135398238415006,-0.5934427876996151,-1.0,-7.276314232862281
-1.0,0.43793914886502683,0.12430277307688309,-4.3405648235745495
1.0,0.20226600239178794,0.40622635148493846,7.350442971134396
-0.12100330479578969,0.9189524031832306,-0.08686129694389355,4.325609588360612
-0.5277073226618085,-0.8484840386475698,0.9299366920272754,0.5688980473393507
-0.34469843108027787,-0.6365920094919093,-0.5929177693049275,0.7885358362665487
0.19357316302068783,-1.0,0.8982578382245143,-5.090086592595975
0.898000936472267,-1.0,-0.3221337716075545,-7.014576742475379
0.11536193558627095,-0.7417482336415715,-0.6740239957491194,0.3425988682637517
-1.0,-0.17043931609564034,-0.9781884526774873,7.57724687368315
-0.3052229556511228,-0.27086101496583503,0.6861185499798255,0.34840168040655795
-0.06178725376413596,-0.6804796103266066,-0.29457208361271836,1.8933120436372275
-1.0,-1.0,0.6022869088082463,13.946725865024137
0.7428394404697822,0.009810342354030777,-1.0,-0.6195184914013182
0.6281198342159058,-1.0,1.0,-6.4114347094458415
-0.7206039953640628,-0.2268976742683202,0.24967733325578312,-0.36914579630305966
0.23440258319302076,-0.7670277366295055,0.9259905151862018,-2.3081902578331954
1.0,-0.05974511385652548,0.9113203024244405,9.986599636502113
-1.0,-1.0,-0.06741728865613061,7.374649746206608
-0.38494091778510464,-1.0,0.12507861326269376,3.098802218739373
-0.3924374720643522,-1.0,1.0,-4.176958826298671
-0.6520467707477036,1.0,-0.6528420301817588,3.9173295312214242
1.0,0.8794534816585429,0.6739543593151389,14.45593808820389
-0.13201495799403906,0.9513638217708738,0.3882019696698569,5.614983910943396
0.18301316834813242,-0.04835822060649875,-0.9717345502001504,-2.349093712118752
-0.5121979893878621,0.9279767290941812,-1.0,-2.1924198402288924
-0.4612930353403786,-0.6168816643832744,-1.0,-4.131177434577032
-0.02583853168224781,-0.3821143922608754,0.5110089094462635,0.668309987713237
-1.0,0.5235766995757885,0.5492977255640625,-5.227482312401974
0.33567041037311407,-0.5767818665227149,-0.35288391890833015,0.6898768726814523
-0.5696369714220826,-1.0,-0.36505103172859243,2.9686441140389475
0.04595846864972897,0.8341859547349524,0.9609202426943615,6.834014200077064
1.0,-0.24445200860895477,0.025175973329197632,4.41428118106749
0.25414658926895184,1.0,0.330146608028536,7.118480075191114
-0.2589340803683631,0.13059850684667396,1.0,1.3370241166370251
0.04138297790390677,-0.05958636171806675,-0.9644073671453852,-2.408707903197947
1.0,1.0,1.0,25.936918319657618
1.0,1.0,-1.0,40.033645771984006
1.0,0.6970709533262622,0.627790010709224,13.017689081804662
-0.15376453866854356,0.08030810307820069,0.5228842332163199,-0.9590896739064284
-1.0,0.18398840384300263,-0.15781983326682392,-3.157226700214654
-0.9818202028279788,-0.5477548187590728,-0.2036512825775998,-0.014910176546684806
-0.35438385597395183,-1.0,-0.11435317020280555,3.369185638909536
-1.0,-1.0,0.4361662738233856,11.370397518102248
-1.0,-0.9806236835811235,-0.5428255100806199,4.745117006797243
0.6597974101699657,0.24975270263308458,-0.06743102133713674,1.7154366744645846
1.0,-0.14741682440777693,0.7654382535856308,8.41231345246691
1.0,-0.4418386613663572,1.0,6.183542297874913
0.004800385657199646,0.12421128852732699,-1.0,-3.0705405073651773
0.08006907326911117,0.9107417053836988,-0.2820278899955564,4.907365522982731
1.0,0.036779994316637366,-0.8292963173072263,7.420156130000416
-0.7760313304335829,0.10050039675320566,-0.7611183325763833,1.1383389696038027
-1.0,-1.0,-0.33859735359105825,6.56798810912882
0.8738310434492529,0.21394172908627707,-1.0,3.4681988227947365
0.1993571714379041,-1.0,-1.0,-18.3471323333103
0.21625655489252638,-1.0,0.2942156606949937,1.7165315197003328
-0.5995549271000526,-0.40375755631180854,-0.16558790724632222,0.3995498444308214
0.4349502502553746,-0.3365571646440293,-0.6751652199082654,0.4791855371442247
0.21985594315526957,0.05994224397011716,1.0,0.0721565897895268
-0.10000579226193773,-0.5497268377587265,-0.8169531003495238,-1.011480565365727
-0.288952731475449,-1.0,-1.0,-14.946351875611041
0.7458393479251666,0.1984220781482091,-0.1346588112631606,1.2081782163921397
-0.04362534659137407,0.5873853868385575,-0.41261611319463953,-0.30219641125115443
0.19857795664815114,-0.37913316584420564,-0.4048189572592429,1.8629325924743725
0.5000730631227306,0.29053921948098993,0.23887667319050476,0.9782172479516945
-0.40779386391935213,-0.33514969916295523,-0.23796301159591482,-0.21192869627706545
0.5205855204986285,1.0,-0.12201818535450881,8.913769923661999
-0.33777740271399437,0.7176714029019569,1.0,7.751383098354794
1.0,0.18202111536775134,-0.5373334738161781,5.285166390173122
-0.6805399199918873,-1.0,-1.0,-8.04315659173518
1.0,0.3780043136410094,-0.49636128842938887,4.652490457994168
1.0,0.1249270276885337,-0.19670937799707278,5.151592380724939
-0.17021989690029637,0.5576970099899778,0.02652090779031102,-0.0392436364612206
-0.5443292064026561,-0.2980854808100759,-0.35720083180309414,0.15006950222294535
0.11123139620802092,-0.07928149894815384,-0.006711641464655305,1.0102939672376174
1.0,-0.535317570330482,0.2628037928199325,3.58627760316362
-0.9184383297612653,-0.33307290176696447,1.0,4.657420428651564
0.5376614997980178,-0.8467363468946563,0.22292495888988717,-0.6819740239466265
-0.5190141251552711,0.3517033038485553,-0.16381579726989193,-0.07291983095140653
-0.6806251310674449,-1.0,-0.5094387188124483,2.247844323507338
-0.19145835762859664,-0.3547630520710283,1.0,0.4050106887066933
0.16815248066393207,-0.5907320975059236,0.6732501618401281,0.12265128542832378
0.2556321432352555,0.4369630613064681,0.7921893181881037,1.2719813140062652
-1.0,-1.0,0.9071440251789484,19.241629948219583
-0.7700666366937012,1.0,-0.22173753431116694,3.818343816246638
1.0,0.1039761048799519,1.0,14.779346440085279
0.11141535416498272,-0.12201810348168696,0.7526385437756817,0.01857189240424518
-0.39301005886611806,-1.0,0.12459629867666555,3.5186315592137403
-0.7426693532779811,-1.0,0.03903728774480575,6.346226010496042
0.8216757568790576,1.0,-0.4901620218440641,13.150290709553467
-0.3961334195539339,0.018146555209464843,-0.3113109561433067,-0.4171201876356045
-0.8460794099873594,-0.09751669764112347,1.0,2.931235313131317
-0.07337893384361638,-0.07309925820593488,0.6163215818578525,-0.33723016696954144
-0.4198191715400603,0.7903591365816465,-0.4582183825234596,-0.36256629062179085
-1.0,-0.5953884584177849,-1.0,5.163653064516377
0.6131256088999386,-0.423907498749881,-1.0,-5.067333305974431
0.5809285457216891,1.0,0.808967337292142,8.295798115461439
-0.19424474097962507,0.9345534025436062,0.5130800498110963,5.570655939857054
-1.0,1.0,-1.0,21.657396668209238
-0.7090786478100495,-1.0,0.4714688685041466,5.6509307198252525
0.9315151267644652,1.0,0.3409604874979477,11.49466128385025
-0.15285661804575779,0.6501067419578512,-0.242003057495362,0.5587517546299777
-1.0,0.9940781415753468,0.5738034256324269,0.5975397019033339
0.12208119186839572,-1.0,0.9261005488337004,-4.913213705877628
-1.0,1.0,0.017622292313366872,7.613339040270597
0.21719428318604228,0.040429270904574155,-0.7738789231141554,0.39803168301818004
0.1209268724092285,0.37191056672801137,0.6532762500175677,0.1573469100132015
-0.7108874809841319,1.0,-0.5076860365581306,4.217487752228019
1.0,0.12165394363474191,-1.0,9.73665961405865
-0.7335231718595987,0.3475674209216595,0.6242657995469574,-1.1754471700830638
-0.33854150438744024,-0.720494379454397,0.09715036828329393,0.8348682418557483
-0.2340361680802603,-0.023739682820553387,-0.13163567015498479,-0.47465772877468104
-0.3543218463946951,-0.43946803720902095,-0.02321238710326723,0.5983070129055412
0.060213005444090584,-0.41455393124849227,0.14365098613676186,1.1498034226686842
0.7496167172267922,-0.31691798433250784,-0.4937462809005797,2.43804946740855
-1.0,0.15501130743778035,1.0,3.2457978634713913
-0.35739611616064937,-0.31810486116172854,1.0,0.269946859210618
-0.4785188125660398,0.4379834912323779,-0.35695293234672865,-0.9281225892562603
-0.3155847238511946,-0.0009020542253916908,1.0,0.7158034590679772
0.011055634038277473,-0.8263166300828348,0.00536099771820453,1.3609803886694871
0.7070852366312488,0.1506703684833488,-0.5684625982881142,1.691789494504297
1.0,0.23754966644400777,1.0,17.160897540054847
-0.7745058581931179,-0.14089373910530245,-0.13413509660135947,-0.7597640249487163
-1.0,-0.0646306964298371,-0.7825622731811945,2.7014222188173553
0.10733733107733578,-0.051430345911459785,-0.1843267759557865,1.17967588666381
-0.4815084870867725,0.7739076995859557,0.39917145250290487,-0.09941197417645113
-0.6038045867918413,-0.5576929894033382,0.9049783349147644,1.8930235160985431
1.0,-0.47301580635557183,0.03377444065149615,3.3107299253057567
-0.8589470455056403,0.006537640783997656,-0.13168488489629349,-2.3121707346816693
-0.485194540250508,-0.13181027306478366,0.9408297850274174,0.8598078402616992
0.3950197575437697,0.08329268363740816,0.8308116326673542,0.638515876842277
1.0,-0.34100852328088593,0.24575372432290332,4.312822101368711
-1.0,-0.6213014978566123,-0.9218178585991152,3.0690181682469118
0.09465063400800355,1.0,-0.36968153118368874,9.98178762837247
0.5152769031299795,0.16166361987321776,0.39164203432130384,1.465590618690634
0.10230387614813452,-0.9927641270759751,0.18143959537490972,1.697218308035331
-1.0,-1.0,-1.0,2.813866779700015
1.0,-0.3394912780485797,-0.09974506091854662,4.484915494072472
-0.5787401949598814,-0.21515749809429185,1.0,1.3134560591985571
-0.5761100217113564,-1.0,-0.11741899541394285,4.654829321636839
-0.923816458520522,0.9694204872448913,-0.8912151626389275,7.533282001475997
-0.07864018202058842,-0.7857941955194829,1.0,-2.164316458114873
-1.0,-0.610357866226868,0.8381813718069975,6.504944368520758
-0.7009758679517453,0.6088776479570333,0.12110620694660112,-2.1433417433434854
1.0,-0.38101816652058407,-0.3535892170240733,4.623426082112433
1.0,-0.00737413528134323,-1.0,8.479952815498924
-0.3319659969646147,0.35948319251478966,1.0,2.179492966366069
-0.2723734366372217,0.9801932562119664,-0.010138125582576096,5.320716878686366
1.0,-0.04367978394856076,0.2610397194827401,5.3424869283121375
-0.6150225533847271,-0.6264398592833316,0.998558118796707,1.5547209157775208
-0.11022552204070224,0.2902986032927397,-0.03712275630572548,-0.4316758334116094
-0.9831463290151041,-0.13284865821851866,-0.8368970821701076,3.6150596985840613
1.0,1.0,-0.4617917130503808,19.41236576678386
0.5404140267398561,-0.01218586218005635,-0.3120162391964447,1.9050104826726844
-0.14790353541884094,0.22015896019480063,1.0,1.803049203053717
0.4491976526247248,-0.019973239396909648,0.08420738809190098,1.4722946590813841
-0.2235948177000604,1.0,0.1958505483999986,7.159811650819418
-0.0028647558398637862,-1.0,-1.0,-16.57415581910994
0.007674277004966923,-1.0,0.4992814288381253,0.012590022273047952
-0.44476141910156763,1.0,0.7410846321607636,9.148879834402537
-0.36060896458570846,-0.23051825821755823,1.0,0.36518307242225706
-1.0,-0.9125118660623799,-0.8088078975567394,2.8172526801685764
-0.23409858654908877,0.5023873009176205,-0.7738309036088444,-0.8258871724237986
0.12832337303893082,-0.6791788185186567,-0.2820455039569354,2.2008310553872135
0.8505559130958229,0.502086542789711,-0.47446286456421993,2.233509385836235
0.012425541623493519,-0.6266871956833286,-0.8264599899497169,-1.6268522562140335
0.6169407126120374,0.1305398881794062,1.0,2.2015039170200867
-1.0,0.5389712032051546,1.0,5.702353555547956
-0.034019369958569134,-0.88138603213743,-1.0,-12.048842424934678
-0.05086900947576112,1.0,-1.0,3.6823103273264257
0.5167502328800511,0.7754473611301826,0.3659490020011469,2.602484312217605
0.8956651202794765,0.10402384718499724,-0.43146329033066766,3.410196886301496
1.0,-0.4701627831880686,1.0,5.034123926769123
-0.49699098313848844,-0.07932642722149974,-0.875648928727883,0.014124558450524696
0.7819246882084046,1.0,-0.3527592961474437,11.81189584400769
-0.009521022949466218,0.21820428969345573,0.9610958033780588,1.3748210887393455
-0.9629282703590369,-0.7725365211603634,-0.14982077803168758,3.080230591714805
-0.7492518023891497,-0.3428412225978541,-0.9915513644375931,2.3135623259360845
-0.46096256009020053,0.1354620358106875,0.12066972685049082,-0.3813122865845804
0.36751460803760194,-0.08325505626589491,0.7700465999969976,0.3090296882845594
-0.625045210226161,0.7861200927458734,0.08922336571406286,-0.5129108461210306
0.45640561683269576,-1.0,-0.1437029393037368,0.3806271899488452
0.16011832569405593,0.6659039225987771,-1.0,-3.3347194642280376
-1.0,0.6969886103434939,-1.0,19.25338904168799
0.5309531965918457,-0.07544053796745254,0.7298709938649213,0.9352022568673831
0.32723195650211645,1.0,-0.14220857625197736,9.172585506712739
-0.5394427121888523,0.6174391851236594,-0.6896094766420593,-1.609323241522464
1.0,-0.39690836330450496,-1.0,4.480189930927224
-0.3451221301709666,-0.1224334747918836,-1.0,-1.9957385114492954
0.155595401810674,-0.44513617717119436,0.3372395581749512,0.5430820668924574
-1.0,0.6979771669891996,-1.0,19.044293532646822
0.06197804813345931,0.6730011838463477,-0.5635761421754728,1.129288446215444
0.47937043195556406,-0.7439168809794168,-0.4346787306860749,1.4718454388363993
0.4256973699043598,-0.8716953213844674,-0.00024097632969399818,2.1250125471558103
1.0,-0.7873547206699751,0.5483109107940709,1.9438209542443956
-0.6423024055000588,-0.3362629559513479,-1.0,-0.09785897363240215
-1.0,-1.0,-0.1760268447904727,6.144510670020695
0.15153327913196435,-0.6390539126094605,-0.32784962213836244,1.7887623476644805
1.0,-0.9605386915042258,-0.07468596065877064,-5.328145640934588
0.7763985073239494,0.924764520825516,-0.5109737371679894,8.144720224312232
1.0,0.41264026331417347,0.09306274872999687,6.129022061427376
-0.8609948036222568,-0.10558866681408885,-0.03259275026722719,-2.345146992372663
0.6145268517936358,-0.7605014002011592,-1.0,-10.76600284887557
0.2651116002471692,-1.0,-0.317630005066031,1.3923564989629562
0.7694062471066108,0.22358987530174312,-0.11703807971638613,2.5320016545735284
-0.48759671461015364,0.43467166189667616,1.0,3.5106390147618214
0.6989045513614727,0.25951795710654024,-0.88384509890997,1.7498045288297241
-0.8996433337193501,-0.6600270322552684,1.0,8.360238790865166
-1.0,0.30540073115429744,-0.08067765643652458,-3.290267761740337
0.6227139280212952,-1.0,-0.03283157018460048,-1.2769278327468525
-0.5411537220226768,0.592562469360207,-0.518325925246284,-0.992527968655611
-0.9537123616647605,0.33538430181486145,1.0,3.1636421747542416
-1.0,1.0,0.24636485168060562,4.218318530832999
1.0,-1.0,1.0,-9.377957272627427
0.5134793086108471,-0.027456459139800993,-0.09191977019346376,0.8851852446800039
-0.3208007207609196,0.5413826275052311,-0.4329898935567995,0.11647323067121595
-0.03197457310192986,0.7241236651086742,0.07111250024991556,1.541109745113041
-0.19932089373604045,1.0,0.055713266046491405,6.870159371968382
-0.3957396829101245,1.0,1.0,15.941058311154363
-1.0,0.015018305013819955,0.4869156612960912,-3.3816690295249
1.0,-0.6047397818755738,-0.8628846879245029,4.350146321373957
1.0,1.0,-0.5668582288700128,22.388496589121463
-0.054042181223243446,-0.40871280041054425,0.18981610887198364,1.2666732062670518
0.4925784344347852,-1.0,1.0,-7.010716415268776
0.36079495880704715,0.44406064951719637,0.9294468808880849,1.5783999075230881
-0.9195497488700193,1.0,1.0,16.480117664539673
0.042506396320093565,-0.7867733798244714,0.7308979849576087,0.33097427239350996
-0.7824079230435841,1.0,1.0,16.311912232452332
1.0,0.0755466715922497,-1.0,8.96587707075907
-1.0,-1.0,0.5369159660381642,13.454892492599289
0.30700417952102743,-1.0,0.43643980192079157,0.6273991161191649
-0.13449579865172745,-1.0,0.2738161322750201,1.9599981026676527
1.0,-0.7751720210583368,1.0,0.3198160444987909
-0.23280283128930535,-0.9015104262578966,1.0,-3.4398122256926555
0.8488742467750108,-0.3727735156791696,1.0,0.8598904331563093
-0.2539764457136453,-0.8643108236745514,-0.7101471122242236,-0.625060851090997
1.0,-0.3171193545411972,-0.3085802197533556,4.166083505387562
0.8798838131391331,-0.39086765387281774,-0.9461598323313174,1.1156696326836415
-0.379286500847569,-0.06459466573932149,0.5455788170149982,-0.13182884613678073
-1.0,0.1791605632324349,0.33518338816870474,-4.956080320209191
0.46511413182478045,-0.879767030926601,-1.0,-13.94203207099573
1.0,-0.17354135533966542,1.0,9.764886623649769
0.2232333846419099,-0.15949183232052655,1.0,-0.8193807316766177
-1.0,0.3180013884073214,-0.6405115531864269,1.5888907126536296
-1.0,-0.9072532150777668,-0.15654976420088107,4.44597363993406
-0.5303702905079515,0.12231700873615381,0.9690451968270171,1.8062889272435854
0.07943385024905991,0.11529812326287892,-1.0,-3.023147218435201
0.2399237287603646,1.0,1.0,10.294943333380326
-0.9275801081260382,0.8022057148015829,-0.5882268288360553,2.7435823252417286
1.0,0.5135857865314926,0.7261992356258975,12.185621303941154
-1.0,0.7485214893965548,0.7199659080498098,-2.145287889279549
1.0,-0.7977924307486446,0.7583381630521528,0.6889204781745628
-0.11439889058087838,0.35931959407785463,-1.0,-3.7752537820003367
1.0,1.0,0.27429180821853394,13.555425906049692
-0.6882590924717107,-1.0,-0.15249267226303664,4.352802995680976
-0.04603620593853108,-0.320628098947104,0.7524781455553731,0.47267088059968815
-1.0,-0.013831472125406474,1.0,4.056070315433251
0.43209519792313533,0.8854514787688998,-0.29010607898369867,5.356721185043688
0.5972549566615482,-0.1579599353526573,-1.0,-3.3503055827847787
0.9651485240024531,-0.6899609902547241,-1.0,-4.04754305313666
0.3610001717958895,0.3408852562537419,-0.5981898009368718,1.755920277270372
-0.9776057936513078,0.13386550630643157,0.25856809749866283,-3.924412635139632
-0.00489411347763169,-0.06921972175012447,1.0,0.623988297621175
-0.36428146697033204,-0.9974429282853894,-0.8724992443382407,-7.635446760191954
-1.0,-0.23984466277184047,0.27726382296377294,-3.814013735666326
-0.6712895700403592,1.0,-0.027330828063515167,4.9364462522725585
-0.9041500584732958,0.6031034957568964,1.0,6.273846196975573
0.06271730320938107,-0.1916576441479223,0.8634942338528093,-1.0218118840810233
-0.697026027444984,1.0,0.13798681645977728,4.140231152781413
1.0,0.23162838624601578,-0.03804058562550594,5.4978057337291455
1.0,0.15472511748234785,1.0,15.42322862608202
1.0,1.0,-0.3847139311161578,18.40133049703817
0.6037608849143663,1.0,-1.0,9.496294492665763
1.0,-0.6301241451928248,-0.08081026786453882,3.621481004452614
0.7401220300723739,0.9304672493643438,-0.100828955264612,5.6176187753900795
0.7313120239315558,-0.9368721698732727,-1.0,-19.302742497163173
0.6665678096451089,-0.08132284505912013,-0.10557245977314555,1.2802240439055095
-0.3253607807308805,0.8572853877143045,0.9827267121404788,10.008745734753244
-1.0,0.628766798620318,-0.40492578900657095,1.4359786259558975
-0.6614714552473295,0.6246209799416669,0.40156314308844476,-1.9282265938645535
-1.0,0.0746373168729968,-0.20576743691077937,-3.523023577297232
-0.8418603348401636,-0.7882901148754184,-0.060368064789517506,3.533511457935416
0.09874477396800807,0.6696257467282309,-0.5366877728611792,1.5928776974489494
-1.0,0.526607716525807,-0.551334498848135,1.812583313353131
-0.31693829256831196,-1.0,1.0,-4.6735125836658264
-0.1587310361683587,-1.0,0.6568495366218932,0.2402934603522619
0.342103613863705,0.061778998592817436,0.03794567836697538,1.239335563774216
-1.0,-1.0,-0.8023009517221347,3.0441460502157707
0.8817974832659703,-1.0,-1.0,-28.254861770086666
-1.0,-0.16977602059177044,0.12996779290693117,-4.034900505296522
0.9994561476075894,1.0,0.24501868137024507,13.257292233193416
0.37389618386570467,0.04997128022639119,-0.1447804224487068,1.4030615432477178
-0.07739150283876617,1.0,0.40344130303045533,8.054047673356584
-0.5924381335805864,-1.0,-0.7762663833828161,-2.4003009122676673
1.0,-0.8558023843170581,-1.0,-11.221702799754878
-1.0,0.9191673124110404,-0.9804771522040625,18.90299754132267
-0.19268396503083074,-0.5948053813705476,0.3853180019779914,0.8867595526039977
1.0,0.46675562671966087,-0.08298559720333265,6.39372775252629
-0.2945704471618702,-0.03390085582215763,-0.356384553293134,0.38017600609677316
-0.9903469129450873,0.25751427428834783,1.0,3.453701011146968
1.0,-0.6056836350561847,-0.6909074286123331,4.209373368180271
0.48795344323132106,0.16006605194958357,1.0,0.09465230384900392
0.17647194817966283,-0.5195651893366631,0.17148466306962407,1.4202394202082251
-0.18047978016780286,-1.0,-1.0,-16.362272059127967
0.16392707148076124,1.0,-0.9625288176065725,6.44654332367433
-0.004623611642947889,-0.7172801449228108,-0.5739559895955262,0.92998165926057
-0.08019760421066024,-1.0,0.5100483274854044,0.8888619656915384
-0.1889031603139013,-0.048947237665309506,-0.7219978461687215,0.6032588739725864
0.83719247792684,-1.0,-1.0,-27.779343356136952
0.9296709322252397,-0.08582592157829083,0.6204085715086594,5.915415040887935
-0.23327354867978478,-0.3926605766857654,-0.2661023711716337,1.0383816232863214
-0.009149117888283653,-0.10156844319306879,-1.0,-3.6170013729584247
-0.766781677252897,0.14045018695057676,-0.7974921342638017,1.2196230716443288
0.039874580059353626,-0.039505270835347606,-0.028608028989867806,0.7413663103149848
-0.6748566602176218,0.02856198047296865,-0.6709241888473094,0.5759708924516632
0.7457567551643896,0.8339253393519286,-0.2435843442398169,4.041524672549518
0.13522551698401042,-0.4779939417388883,0.35235429155875453,1.0825041752148437
-0.53157932659962,-1.0,-0.5413120975743322,1.6314904239007482
1.0,-0.5450497301870194,-1.0,0.6050311618657419
-0.6386734600352921,1.0,1.0,16.354587097925414
0.4836338471319439,1.0,-0.2223728355012733,9.174568921037435
0.9895423130425873,-0.0906378093561222,-0.714593944285435,6.632199890401581
0.4847859461263755,-0.08411303193561337,1.0,-1.2488937345623854
0.8194340841378889,-0.3839980759887007,-0.9657462603225777,-1.9363010778060932
-1.0,1.0,-0.03950527409694882,8.801981509058646
1.0,-0.11912286092856528,1.0,10.586584629435881
0.07328912570867252,-1.0,-0.5316238920101337,-0.5001222220387795
-0.8698770356165935,-0.16408404948364752,0.29851480430295374,-2.0789626844598517
0.08830320284861948,1.0,-0.17800007828880382,8.266165422871435
0.564237349947629,-0.45538811381575606,1.0,-2.4968553021744393
1.0,-0.8794109460702371,0.2679326702856275,-0.8584917253764462
-1.0,-0.03794970339941939,-0.2512302297019289,-3.6284428342767416
0.5532311058717847,1.0,1.0,9.9811369111385
0.6560248237283026,-0.3958377087240632,0.4163640270225186,1.3144957664734778
-0.9399439021736,0.7576513373247258,-0.9069730306275117,8.544222249286012
-0.5561790584401041,-0.164157765775528,0.4443349804226051,-0.0014440691737994116
-0.08892229725477563,0.3319077415856537,0.21805157020412635,-0.062300588041890995
-1.0,0.17076988825423345,-0.14752701422302494,-4.2930412479939335
-0.4259348315277647,0.8309039393016882,-1.0,-3.8074262379903825
-0.022287013233034836,-0.806488098226755,-1.0,-9.942698294397553
-0.8038460189677799,0.47395357206880795,-0.5406681425667188,-1.7649054449893318
0.8730751067300218,-0.46337219263580387,-0.5805429858392022,1.9174395304429754
0.5379455851709853,0.40289780975725464,-1.0,-2.36052330044589
-0.6172518697496976,1.0,-1.0,1.0754108501285389
0.41839526177038033,-0.28735010656084126,0.9368640895000817,-1.5659768077401919
-0.9035995419401923,-0.026537752136453818,-0.004621267766508952,-3.162509959072536
-0.12384519968025876,0.23476436419504654,0.36156172017539534,0.4872326835919934
0.7805967964982325,-0.21112575800977984,-0.49393935946735046,0.8608093883205
0.6937703849874033,-0.015085602471851312,-1.0,-2.1846382238699533
1.0,-0.46307788337718936,1.0,4.595968030397591
1.0,0.8896378092671491,0.05207004031855633,10.333616898325134
0.3330204181312675,-1.0,1.0,-7.8372525567872895
0.9615363475343053,1.0,-0.03398068877462057,12.892328271718762
-1.0,0.08977120830372365,-0.8236705513960783,4.0543272524021905
0.7362100434847578,-0.3251617677335459,-0.49019785865821097,1.9564108100188533
0.10348216866108029,-0.41666902150122365,0.955988628891759,-0.8981327672106353
0.7080861154512781,-0.6340890643500205,-0.7358840022925499,-0.12663828560433626
0.43938152227510985,-0.20400944087172612,-0.2410298791801515,1.3845550010088907
0.7503272453016474,-0.24953286213165238,-0.47560841436312185,1.0601852519168848
-0.628632708488505,-0.5757101241698557,0.24407026201847115,0.9194194903740364
0.22358435543980315,0.8079326024750493,0.7484721197602662,4.355656481707514
1.0,-0.39760708513957876,0.323264065290608,4.931450366502623
-0.34149972835607345,-0.8267491122828379,0.9225098213197596,-0.5148172205557501
-0.5015421389094772,-0.025078620121173234,-0.37143831255276516,0.20963812822940037
-0.5125849662271051,-0.9886456543717588,0.07647025849785494,4.198160327386844
-0.3709457838015191,0.5984519969889712,-1.0,-4.130797083079942
-0.7331414985271332,-1.0,0.2165699447556606,5.48628302177193
0.5379042244724781,-0.7304866269735235,0.1959470530947911,0.8252941561402127
0.5276042472005631,-0.7506018853848719,0.04025910031896052,1.8807283768582614
-0.47490997406055735,1.0,-0.7304214831274667,4.095212577277801
-0.1033669255426044,-1.0,0.7550306459949974,-1.4153901751165654
-0.3155803537081574,0.47092942151950035,-1.0,-3.268611127626312
0.5573141476565142,-0.36572704388884114,0.05608704959721189,0.8743465108360245
0.30563747085451887,1.0,-0.3755514846794241,9.704021001208377
-0.6865864207278431,-0.8526328051437875,-1.0,-2.7370602828003663
0.7899532454171019,0.9988114646955804,0.7321258507297763,10.730045411478487
0.28002996112333434,0.34352275684724387,-0.6802625967293701,1.3377959647778057
-1.0,0.5159798562733344,-0.1637266514847613,-1.9952180822145018
-0.45904874898401227,0.5152079662259961,0.5018608928931125,-1.077265256954293
1.0,0.47303077570290064,-0.13765868881350252,6.132382293282937
-1.0,0.36492038419566186,-1.0,16.360382976267218
1.0,-1.0,1.0,-8.790412707681424
-0.45306599609678977,-1.0,-0.5993858985527318,-0.4474345316292496
-0.4317031663749822,0.7211202055637478,-0.23593512875005396,-0.7113097489042522
1.0,-0.28352780463261307,-0.8854647116636816,7.850531156616579
-1.0,0.04581412273357088,-0.1237673212753414,-4.662830260509018
-0.1554014942645765,-0.3355305888035611,-0.2510356402757108,1.27602451132842
1.0,-1.0,-0.9529281115540627,-25.05493772115836
0.19919784024530118,0.444880183886752,-0.010796034853308933,0.575388822032245
0.26802136422422174,-0.1551114339403863,-1.0,-3.508945334925892
-0.40137615210989663,-0.08310000722727384,-0.15156112700395985,0.8215956859459957
0.44335338930176893,0.27139102045890207,0.44417068789617,1.1435140113205462
-0.5065800627207662,0.2521261888204709,1.0,2.4769278771224537
0.4871827978146843,0.620692041826763,1.0,4.612473163299628
1.0,0.5613114161046346,-0.9511199397595236,11.435244699815195
1.0,-0.4599101373560197,1.0,5.54822573848422
-0.8378081557051962,-0.9377685825337185,0.04868376485780712,6.242283731643143
0.16615508518159983,0.3859389035480534,0.5280828879927855,1.185254527810978
1.0,1.0,0.39472279619868367,13.659221730995904
1.0,0.23550142313560962,-0.37722686146609385,5.094796729025298
-0.273025282827813,-1.0,-1.0,-15.054673789103992
0.03968643582684628,0.3346195986515683,-1.0,-3.507216536460274
0.6716651812683117,-0.5367772934586323,-0.046049745222664695,0.9680601595039369
0.6400970415435145,0.5132028263092159,-0.619368989892833,1.1062918592600088
-0.256825424478033,-1.0,-0.08115590873208745,3.797646136276751
1.0,1.0,-0.008708797907647448,14.506320181008226
-0.2119813969971236,-0.6657838639235787,-0.20253833680950817,1.4339612002897701
-0.0914154769505564,-0.3424566654235428,0.6308918024837238,0.7236145195070613
-1.0,-1.0,-0.19866210593650369,6.996332068588806
-0.781957466188062,0.07239220274795244,0.19672331204359983,-2.161683855016864
-1.0,-0.25252250919804786,-0.24105138775061485,-2.317063158280632
0.43508553996617794,-0.6946677175839371,-0.346878308649033,1.5814576874217936
0.5914802796663763,0.6138639417083436,0.12668670169467666,0.7782794225001679
-0.9166685507694154,-1.0,1.0,14.844042180839473
0.5196905691314462,-0.2794829759261179,-0.6686582225791098,0.6376711354405142
-1.0,-1.0,-0.11190985168797307,6.780587152045675
-0.22368505916135017,-0.011807977029136829,1.0,-0.05482553918591215
0.4739006095885554,0.9388297483941292,-0.06936734835025149,5.889034396773781
1.0,0.2848272090328172,0.30227909174568324,6.790440049935848
-0.5441651450950784,-1.0,0.02274217632205322,3.7838641646708218
0.9862729924798574,-1.0,-0.14613889744778574,-9.051944515687637
0.3056769756606521,1.0,0.46336815845887713,7.063297878351676
-0.3240360835987204,-0.8772541999601344,-0.42152496157133146,2.3528711820793173
-0.6042905866413673,-0.2989483392786052,-1.0,0.47623929825753636
1.0,-0.8528355480981793,1.0,-1.737597684015264
-0.748622672812741,0.40623259914432586,-1.0,2.1319096098128036
0.964782379645388,-1.0,0.12378283897796005,-8.116383346036255
-0.011022232804856147,-0.44766072875379104,-0.10621016396395788,1.1775685337732202
-1.0,-0.1742940673008424,-0.1406641838322371,-3.1764588699066323
-0.05544201895794387,0.7382968887039942,1.0,6.92106426299317
-0.24281799056832498,1.0,-0.9384270070406349,3.828662641145456
-0.09624598721260735,-0.0662470229565848,-1.0,-3.2585487185848168
-0.7906288413525677,0.4259608116011695,1.0,3.4363277343581613
-0.21165434173076503,-0.6079109331641079,0.04984536868692002,0.8438706028927777
-0.49672486634579194,-0.6084329931219268,-1.0,-3.9668193443796254
0.11444919084705307,-1.0,-0.6805636418135825,-3.8311192392233373
-0.33182856776781144,1.0,0.7410354484965682,9.547836128117744
1.0,-0.4834485056641755,-0.4723183878050947,5.098265512216792
1.0,0.17364873949617077,0.07504505695716768,5.67136390893025
0.42054956252022424,0.6096390293548779,0.419970568204711,1.162169615847498
0.9629300152017799,0.19485023641693133,-1.0,7.601772136483961
-1.0,-0.1530991459897315,0.9631688910578515,3.8369648132423078
1.0,-0.8048205070532599,-1.0,-8.785172826023725
0.9771232594888171,0.03655380533458463,-0.45699145917756745,3.8734838932950213
0.9267741878624232,0.2936562576817403,0.03293237969514928,4.400384949220843
-1.0,-0.2751087783468369,1.0,6.2812728106595594
0.4095977092731613,1.0,-0.6986564653131737,11.82367055933867
0.9001478758217853,0.5178982384745636,-0.17256047155397258,3.4977841078599616
0.5077737641427109,-0.46477539904059184,0.78949123568686,0.05487149770553859
1.0,1.0,-0.26505000181522487,17.276132523163856
-0.4449097621436007,-1.0,0.40821184875755234,2.4915775931106032
-0.055026627722528865,-0.37197458650291004,-0.3311151491226747,0.6445985423784808
-0.3128720855410345,0.7212612556668299,0.4738586176188926,0.5909048064187091
0.393037743504858,0.3508782852955681,-0.3938881686943436,1.092995935341256
0.323117589231563,0.263433620644582,0.581498106597643,1.269896838760797
-0.7077472266678013,-0.06204380662848874,0.5111091174099722,-0.9508632658912813
1.0,-0.34000245841507404,0.2830619505284735,4.640266836664033
0.4053002848663647,-0.08465067560372841,-0.47031467975192554,0.1690421918463163
-0.014409837455262364,0.11122753752404613,1.0,1.113156356605551
-0.12404357411930667,0.6343017497982419,0.778824916494101,1.167236911826883
0.11056910743969928,-1.0,0.9707510657527489,-6.940922439405375
-0.9257363209182241,0.4886932158540507,-0.13518971280308523,-2.826447765720411
0.8583354464876969,-0.7792103535772203,0.8643138784543583,-0.6272139007025198
-0.9219223389116871,1.0,1.0,16.20489598710295
-1.0,-1.0,1.0,22.089529394704492
-1.0,-0.7774322370803246,-0.02339538489645898,3.348601270215891
-0.487204298520026,-0.11326003918925642,-1.0,-1.0456889681671455
-0.06473455211736523,0.19461660571500694,-1.0,-3.2336328394929192
-0.2550691358813735,-0.5038987153992913,-0.8994358853459952,-2.258513769006448
-1.0,0.12462851547443798,-0.000785120854874144,-4.877413749563286
-0.2817531766903514,0.39727610498928856,-1.0,-2.8998554445912803
-0.9402040770554716,0.7822038716135677,0.3583389952842413,-2.386282925500195
0.44928757059616853,-0.3583573768206696,0.48219841284394915,1.2615364545791032
-0.20432684930521328,-1.0,0.7073411153271543,0.20497688216146992
-0.23877116320887293,1.0,0.03500414345239733,7.629483404908888
0.7061839255137807,0.7731637753127185,0.21662343898754077,2.6171449004444036
0.6400232861219595,-0.5764041256080024,1.0,-3.3704776155016263
0.7125092539990798,1.0,0.6127269210427213,7.375143538599305
-0.4914953694625057,-0.3249703336251284,-0.7939781998279427,-0.38796198808023696
-0.23313164978299894,-0.7406209296447042,0.7219591269041199,0.3920390498697047
0.054004771360500525,0.14338272408598574,0.1516693581921731,0.7533561451715332
0.37478870987521895,0.36109046529654343,-1.0,-2.8208803418351263
1.0,0.22508563265887327,-0.5226420076641107,5.267951068787557
1.0,0.9280369215336886,1.0,26.492644035393873
-0.4029968795942136,-0.05444415473303632,0.9859507127882241,0.7565033534424855
1.0,0.15468163785344657,-1.0,9.95993730968731
-0.37360294602857014,0.41855202507979494,-0.21003100103801198,-0.6875926999636975
0.2960142298977866,-0.01058706510804841,-0.41925704407673847,1.8367483137085805
-0.703735977344135,1.0,-0.6395090239163752,3.691915323638091
-0.3882650395362037,-1.0,1.0,-3.9807611589781446
-0.65355654915935,-0.2445912465475779,-1.0,0.9596015698326069
-0.1960812836837884,0.045195471560576905,1.0,0.7787488879859227
-1.0,0.2505313686628108,-1.0,14.098031181632816
0.1531206296044536,0.905762880889343,-0.5533245205764037,5.101070120642957
0.5280292467559446,-0.9735292025315503,1.0,-6.814505714181213
1.0,-0.2895969438379975,0.17247822632161602,3.9649189720980447
0.3268204846531253,0.4819355662682985,0.29453762488841084,0.7634306930302277
-1.0,-0.19866301296383648,0.060408754006702425,-3.627249949705221
0.11179585558847349,0.17313640555378584,-0.5293850538035645,0.18365991947097937
1.0,0.327520688141965,1.0,19.033483832325473
0.20042006015495262,-0.44679879944967693,0.8896263825191677,-1.6715114408960072
1.0,1.0,0.6435034129272741,15.360985226825123
-1.0,-1.0,-0.7299082171697215,3.2809751372029545
0.48472416450055,1.0,-0.5066195950197248,10.560044608525896
1.0,-0.7865726966874671,-0.05770789049849423,0.5583495484061158
-0.24056082681823088,-0.7755269284815356,1.0,-1.7359767090274503
-0.07600010863070739,0.9204381502134318,-1.0,-0.6613109751795272
0.6215133578387388,0.647067177813289,0.2538478192740321,2.294831308959046
-1.0,-0.07658713021353236,0.4224907124803374,-4.221429856550626
0.689793741725611,-1.0,-0.8582201158465363,-14.296157211270344
0.2626837299211857,-1.0,-1.0,-19.67405361744954
-1.0,-0.3037214868145408,0.7097216602623391,-0.3358484193617911
0.3212943873570897,1.0,0.5853447864487533,7.600552220539252
-1.0,0.055429333624245514,0.7873377328730289,-2.235188030477161
0.5178361163002003,-1.0,1.0,-6.908239859156815
-1.0,1.0,0.9422256024781159,10.573523249237267
0.4796142980326832,-1.0,-0.2930945265119491,-0.9756069432562384
-0.006557554268149524,-0.21269890598291763,0.8333710767565745,0.07858214748182368
1.0,1.0,-0.720350002211632,26.877702466614586
0.6632368209838311,0.3101362503164451,-0.14408965092614112,1.1463175531089322
-1.0,-0.23718804609736588,-0.503647900021237,-1.6929066577019198
-0.5482551357855363,0.33545910363752185,-0.6637543384919833,-0.17762105950677476
0.19335702451405878,-0.8897368012233757,1.0,-4.638975241019202
0.06379759532108298,-1.0,-1.0,-17.197380812219553
3.086353753323223e-05,0.4233459951706269,-1.0,-3.547571831409266
-0.2770250072313849,1.0,-1.0,2.345619696353994
-0.1904484086022058,-0.5171893553317208,-0.4478122986352302,1.3316994241840976
-0.847307370590271,-0.2933297263278718,0.8929119317603635,1.333612942865295
0.02924920608931103,-0.02256284771850492,1.0,-0.10314419820483253
-0.03972906757806194,-0.2617786523568235,-0.8334519001320928,-0.27563583878620046
-0.14903347622531427,0.9110024948244282,0.2734050120786118,4.220145247762821
-0.6233878123795782,0.30182057025133524,0.31017841235918153,-1.937771325783237
-1.0,-0.0072987938917139505,0.59688086799489,-3.1897916407763636
1.0,0.04793581621983534,0.8398893923331341,10.351439689626494
0.25984001418725566,0.5749740928305631,-0.8227463970551596,0.23178072941293396
-1.0,-0.5764891144083217,0.2079015594918523,-1.1257717699334056
1.0,-0.24887131370218563,0.16904036695092595,4.641856100915223
1.0,1.0,-0.6532184644948653,24.81077496639855
-0.559340950395012,-0.05214422641461414,0.80992534038669,0.09941044157276357
0.5738447426051949,-0.1155182692004102,-0.6583678357862732,1.5414715034009814
1.0,0.7804997821075159,0.2615900637293953,9.586270402876039
-0.9930230452539892,-1.0,0.29731095328438784,10.391769674034384
-1.0,-1.0,-0.3433878471925258,5.6125593090392965
1.0,-0.24230285636488635,-1.0,5.088911747481524
0.31724481153027995,-0.1932494984505797,-1.0,-4.600174304085342
1.0,-0.3403357851212825,1.0,7.24072862129457
0.8566138117543403,0.11112950927378096,0.49637268308847315,4.593657254860814
-0.17854313684054124,0.2766904252322173,0.450687017722877,0.790481316361119
-0.5126143020519904,-0.14918432509429702,-0.5460964119322949,0.16310646039489923
1.0,-1.0,0.7981937097017484,-5.9496894586849525
1.0,1.0,-0.725815881454658,26.519782702723987
-1.0,1.0,-0.9138768099012209,17.75267093929324
-0.8916610638349158,-0.3641123493891971,-0.047082418852474994,-0.328212853567576
-0.5670039474490132,-0.043989760267439504,-0.5974365500263314,0.4187471112639011
-1.0,1.0,1.0,16.855458288923717
-0.07934519656902927,1.0,0.047642872016784965,7.418982321737227
-0.5459698036088438,0.07992772171288309,1.0,1.5498474803885123
1.0,0.3391737914624473,-0.011696497521533455,5.64684465897023
-1.0,-0.026170187198074624,-0.36699367326298926,-3.3600240591981922
-0.2704368225101108,-0.19856749784269812,-1.0,-2.7765263790998413
0.6456540322642002,-0.9821596690343892,-1.0,-22.232895492963554
-0.7063735725869951,0.013876740123767828,1.0,2.16109057762859
0.03910412697282384,-0.8786725747394808,-1.0,-12.784043891205632
0.2600053029183178,-0.24847567720264796,1.0,-1.7857569664154034
-1.0,-0.11553748501716288,-0.7629220151307348,1.611879944090928
-0.4366820197686001,-0.8648211708363194,-1.0,-7.767145397993525
-0.17169530883734851,0.854612331613076,1.0,9.457994514356955
-0.00014782878862651394,0.2829334953952989,-0.7545704633190566,-0.5341805385181506
0.6106347849410481,0.507722923963531,0.345854341080049,1.6928058758906852
-0.1352811587677265,0.5999370781382176,-0.5725702701500668,0.3224167881769798
-0.1533884337755218,0.37105126196555127,-0.7906108628148674,-0.2708206310970442
-1.0,1.0,-0.5498231654546797,12.606402328071928
-0.12365427028728249,0.43429958087997567,-0.8348366940257039,-1.4504454819082269
-0.17216929850265705,1.0,-0.16531169610771257,7.480372082864586
0.3967308917057737,0.044161848315206864,-0.794816404614,-0.0956027171520204
-0.1518047139479548,-0.679420670849826,-0.052356242720614565,1.413381699559266
0.581333056464876,-0.760908631287533,-0.21800390999929142,0.5317809150845207
0.14286890023768395,1.0,-0.36963752909447534,9.50654564038365
-1.0,0.6854361655276247,0.45127584972244583,-3.939718581800337
-1.0,-0.005043081898624235,0.7636579917767008,-1.7177616705732104
0.6577289658934449,-0.6946363182802069,0.17563439731809916,1.1328432602283627
1.0,-1.0,-0.029847211815338337,-8.154161720045263
-0.09676337466928109,1.0,-0.9415493164878221,5.445762174500729
-0.9945607443022715,0.8894715788791467,0.1454287140859285,1.2401940384874188
0.11012561865721837,0.920729225293732,0.9589231494084116,9.010665488993995
1.0,0.47786804755820156,-0.46168612784512986,4.687498264707762
1.0,-0.26612575331067956,0.4995809236191491,6.089042160526615
-0.29100796914368043,-1.0,0.10675594815587508,3.4853953190849043
-0.33378134488396327,-0.06336546777242824,0.6746066081293769,-0.03700583899427186
-0.8232507275244332,-1.0,0.20603972499379863,7.2048161785823295
0.032456186868464965,0.7689878341091707,1.0,6.922666436994937
-0.5952823055434595,-0.7961900463901834,0.19698216883458497,2.6139948756580926
1.0,0.8462576775911299,-1.0,21.558304808756994
0.03236959301272546,-0.16798287307534276,-0.4012749100309614,1.0815570832964032
-0.4868880688225343,-0.3377617886337205,-0.3593078285495961,0.7261860118026967
-0.07930169199423531,0.443913879720937,0.41907980036044523,-0.1261954860336313
-0.11124510313019487,1.0,0.9054176824413904,10.925997867534656
-0.023017630286080504,1.0,-1.0,3.643481133159626
-0.7556240105073555,1.0,-0.29015825423288577,4.611890554354204
-0.754424847827657,0.5347955891421039,0.666924194063858,-2.0605129086631844
1.0,0.4062031945252691,-0.3505886848464912,4.656335575939585
-0.6805246786619521,0.5312980841167447,-0.3710869581101848,-2.1067101936457933
0.41569333359963245,-0.7504159080208135,1.0,-3.562200395725994
-0.22897081931414265,-0.21777315786423723,0.046180971199426546,-0.2159577829895034
-0.6611759910231148,-0.6313002360768281,0.2347241431564706,2.026486365614935
-1.0,0.19784887652727123,0.16502949768588948,-4.891890778130394
1.0,0.22040780984821962,0.5070877023978466,7.86418123887497
